{"cameraMode":{"drawMode":0,"name":"Shaded","section":"Shading Mode"},"sceneLighting":true,"audioPlay":false,"sceneViewState":{"showFog":true,"showMaterialUpdate":false,"showSkybox":true,"showFlares":true,"showImageEffects":true,"showParticleSystems":true,"showVisualEffectGraphs":true,"m_FxEnabled":false},"in2DMode":false,"pivot":{"x":188.33950805664063,"y":112.98088073730469,"z":22.125246047973634},"rotation":{"x":0.010499218478798867,"y":-0.014999926090240479,"z":0.00015753167099319398,"w":0.9998330473899841},"size":135.31820678710938,"orthographic":false}