{"cameraMode":{"drawMode":0,"name":"Shaded","section":"Shading Mode"},"sceneLighting":false,"audioPlay":false,"sceneViewState":{"showFog":true,"showMaterialUpdate":false,"showSkybox":false,"showFlares":true,"showImageEffects":true,"showParticleSystems":true,"showVisualEffectGraphs":true,"m_FxEnabled":false},"in2DMode":false,"pivot":{"x":-0.0000019073486328125,"y":-1.5720000267028809,"z":10.00000286102295},"rotation":{"x":0.25595301389694216,"y":0.12284869700670243,"z":-0.032811686396598819,"w":0.9582918286323547},"size":5.678908348083496,"orthographic":false}