{"cameraMode":{"drawMode":0,"name":"Shaded","section":"Shading Mode"},"sceneLighting":false,"audioPlay":false,"sceneViewState":{"showFog":true,"showMaterialUpdate":false,"showSkybox":false,"showFlares":true,"showImageEffects":true,"showParticleSystems":true,"showVisualEffectGraphs":true,"m_FxEnabled":true},"in2DMode":false,"pivot":{"x":-0.7428957223892212,"y":2.936488389968872,"z":3.8388874530792238},"rotation":{"x":0.11504524201154709,"y":0.12410636246204376,"z":-0.013819177635014058,"w":0.9858025312423706},"size":4.170351505279541,"orthographic":false}