{"cameraMode":{"drawMode":0,"name":"Shaded","section":"Shading Mode"},"sceneLighting":true,"audioPlay":false,"sceneViewState":{"showFog":true,"showMaterialUpdate":false,"showSkybox":false,"showFlares":true,"showImageEffects":true,"showParticleSystems":true,"showVisualEffectGraphs":true,"m_FxEnabled":false},"in2DMode":false,"pivot":{"x":-5.809999465942383,"y":-0.2010509967803955,"z":-10.210000038146973},"rotation":{"x":0.47658854722976687,"y":0.003424721537157893,"z":0.0022468408569693567,"w":0.8796828985214233},"size":5.6470842361450199,"orthographic":false}