{"cameraMode":{"drawMode":0,"name":"Shaded","section":"Shading Mode"},"sceneLighting":false,"audioPlay":false,"sceneViewState":{"showFog":true,"showMaterialUpdate":true,"showSkybox":false,"showFlares":true,"showImageEffects":true,"showParticleSystems":true,"showVisualEffectGraphs":true,"m_FxEnabled":true},"in2DMode":false,"pivot":{"x":298.2540283203125,"y":113.50105285644531,"z":183.69024658203126},"rotation":{"x":-0.05826054513454437,"y":-0.08466455340385437,"z":0.0049340627156198029,"w":-0.9947166442871094},"size":251.4903106689453,"orthographic":false}