{"cameraMode":{"drawMode":0,"name":"Shaded","section":"Shading Mode"},"sceneLighting":false,"audioPlay":false,"sceneViewState":{"showFog":true,"showMaterialUpdate":true,"showSkybox":false,"showFlares":true,"showImageEffects":true,"showParticleSystems":true,"showVisualEffectGraphs":true,"m_FxEnabled":true},"in2DMode":false,"pivot":{"x":-5.980699062347412,"y":1.8724102973937989,"z":0.10450679063796997},"rotation":{"x":0.0011855215998366476,"y":-0.9959326982498169,"z":0.012846462428569794,"w":0.0899249017238617},"size":4.478719711303711,"orthographic":false}