{"cameraMode":{"drawMode":0,"name":"Shaded","section":"Shading Mode"},"sceneLighting":false,"audioPlay":false,"sceneViewState":{"showFog":true,"showMaterialUpdate":false,"showSkybox":false,"showFlares":true,"showImageEffects":true,"showParticleSystems":true,"showVisualEffectGraphs":true,"m_FxEnabled":false},"in2DMode":false,"pivot":{"x":-11.301101684570313,"y":-0.08813244104385376,"z":11.659939765930176},"rotation":{"x":-0.01874307170510292,"y":-0.6657255291938782,"z":-0.016831127926707269,"w":0.7458534836769104},"size":2.451120138168335,"orthographic":false}