{"cameraMode":{"drawMode":0,"name":"Shaded","section":"Shading Mode"},"sceneLighting":false,"audioPlay":false,"sceneViewState":{"showFog":true,"showMaterialUpdate":true,"showSkybox":false,"showFlares":true,"showImageEffects":true,"showParticleSystems":true,"showVisualEffectGraphs":true,"m_FxEnabled":true},"in2DMode":false,"pivot":{"x":10.071269989013672,"y":0.041218433529138568,"z":-25.85239601135254},"rotation":{"x":0.09000352025032044,"y":-0.8208836913108826,"z":0.13491368293762208,"w":0.5476033091545105},"size":6.812493801116943,"orthographic":false}