{"cameraMode":{"drawMode":0,"name":"Shaded","section":"Shading Mode"},"sceneLighting":false,"audioPlay":false,"sceneViewState":{"showFog":true,"showMaterialUpdate":false,"showSkybox":false,"showFlares":true,"showImageEffects":true,"showParticleSystems":true,"showVisualEffectGraphs":true,"m_FxEnabled":false},"in2DMode":false,"pivot":{"x":170.40089416503907,"y":118.19222259521485,"z":0.5281232595443726},"rotation":{"x":-0.5347148776054382,"y":-0.004469346255064011,"z":0.000958883436396718,"w":-0.8453387022018433},"size":3.0658297538757326,"orthographic":false}