{"cameraMode":{"drawMode":0,"name":"Shaded","section":"Shading Mode"},"sceneLighting":false,"audioPlay":false,"sceneViewState":{"showFog":true,"showMaterialUpdate":true,"showSkybox":false,"showFlares":true,"showImageEffects":true,"showParticleSystems":true,"showVisualEffectGraphs":true,"m_FxEnabled":true},"in2DMode":false,"pivot":{"x":11.014894485473633,"y":2.6452481746673586,"z":-15.496227264404297},"rotation":{"x":0.037628307938575748,"y":-0.9605756402015686,"z":0.18505455553531648,"w":0.20587928593158723},"size":4.112492561340332,"orthographic":false}