{"cameraMode":{"drawMode":0,"name":"Shaded","section":"Shading Mode"},"sceneLighting":false,"audioPlay":false,"sceneViewState":{"showFog":true,"showMaterialUpdate":false,"showSkybox":false,"showFlares":true,"showImageEffects":true,"showParticleSystems":true,"showVisualEffectGraphs":true,"m_FxEnabled":false},"in2DMode":false,"pivot":{"x":-0.08919334411621094,"y":-0.09954431653022766,"z":-0.2734956741333008},"rotation":{"x":-0.5697310566902161,"y":-0.006891489960253239,"z":0.0028551050927489998,"w":-0.8221247792243958},"size":3.1707746982574465,"orthographic":false}