{"cameraMode":{"drawMode":0,"name":"Shaded","section":"Shading Mode"},"sceneLighting":false,"audioPlay":false,"sceneViewState":{"showFog":true,"showMaterialUpdate":false,"showSkybox":false,"showFlares":true,"showImageEffects":true,"showParticleSystems":true,"showVisualEffectGraphs":true,"m_FxEnabled":true},"in2DMode":false,"pivot":{"x":-5.5794172286987309,"y":-18.349262237548829,"z":5.664041042327881},"rotation":{"x":0.10210631042718888,"y":0.022376220673322679,"z":-0.0022976878099143507,"w":0.9945245385169983},"size":3.5660250186920168,"orthographic":false}