{"cameraMode":{"drawMode":0,"name":"Shaded","section":"Shading Mode"},"sceneLighting":false,"audioPlay":false,"sceneViewState":{"showFog":true,"showMaterialUpdate":false,"showSkybox":false,"showFlares":true,"showImageEffects":true,"showParticleSystems":true,"showVisualEffectGraphs":true,"m_FxEnabled":true},"in2DMode":false,"pivot":{"x":-6.407381534576416,"y":-19.541851043701173,"z":5.220320224761963},"rotation":{"x":0.10210631042718888,"y":0.022376220673322679,"z":-0.0022976878099143507,"w":0.9945245385169983},"size":0.8660253882408142,"orthographic":false}