{"cameraMode":{"drawMode":0,"name":"Shaded","section":"Shading Mode"},"sceneLighting":false,"audioPlay":false,"sceneViewState":{"showFog":true,"showMaterialUpdate":false,"showSkybox":false,"showFlares":true,"showImageEffects":true,"showParticleSystems":true,"showVisualEffectGraphs":true,"m_FxEnabled":false},"in2DMode":false,"pivot":{"x":0.7131706476211548,"y":0.050598204135894778,"z":0.1408233642578125},"rotation":{"x":0.1956499069929123,"y":0.49689942598342898,"z":-0.11608055233955383,"w":0.8374747633934021},"size":2.739131450653076,"orthographic":false}