{"cameraMode":{"drawMode":0,"name":"Shaded","section":"Shading Mode"},"sceneLighting":false,"audioPlay":false,"sceneViewState":{"showFog":true,"showMaterialUpdate":false,"showSkybox":false,"showFlares":true,"showImageEffects":true,"showParticleSystems":true,"showVisualEffectGraphs":true,"m_FxEnabled":false},"in2DMode":false,"pivot":{"x":-0.3771085739135742,"y":17.220001220703126,"z":10.694999694824219},"rotation":{"x":0.5886761546134949,"y":-0.021394437178969384,"z":0.019618665799498559,"w":0.808556318283081},"size":15.297415733337403,"orthographic":false}