{"cameraMode":{"drawMode":0,"name":"Shaded","section":"Shading Mode"},"sceneLighting":false,"audioPlay":false,"sceneViewState":{"showFog":true,"showMaterialUpdate":true,"showSkybox":false,"showFlares":true,"showImageEffects":true,"showParticleSystems":true},"in2DMode":false,"pivot":{"x":-3.242628335952759,"y":1.4999990463256837,"z":11.316723823547364},"rotation":{"x":-0.42660075426101687,"y":0.03224092721939087,"z":-0.015268662013113499,"w":-0.9038066864013672},"size":2.33505916595459,"orthographic":false}