{"cameraMode":{"drawMode":0,"name":"Shaded","section":"Shading Mode"},"sceneLighting":false,"audioPlay":false,"sceneViewState":{"showFog":true,"showMaterialUpdate":true,"showSkybox":false,"showFlares":true,"showImageEffects":true,"showParticleSystems":true},"in2DMode":false,"pivot":{"x":-0.9724540710449219,"y":0.38999998569488528,"z":-3.010857105255127},"rotation":{"x":0.2570172846317291,"y":0.08658226579427719,"z":-0.023106159642338754,"w":0.9622687101364136},"size":1.434816837310791,"orthographic":false}