{"cameraMode":{"drawMode":0,"name":"Shaded","section":"Shading Mode"},"sceneLighting":true,"audioPlay":false,"sceneViewState":{"showFog":true,"showMaterialUpdate":true,"showSkybox":true,"showFlares":true,"showImageEffects":true,"showParticleSystems":true},"in2DMode":false,"pivot":{"x":-0.7775497436523438,"y":3.497565269470215,"z":16.600364685058595},"rotation":{"x":-0.38376206159591677,"y":-0.014675358310341835,"z":0.006130258087068796,"w":-0.9233517050743103},"size":6.644991397857666,"orthographic":false}