{"cameraMode":{"drawMode":0,"name":"Shaded","section":"Shading Mode"},"sceneLighting":true,"audioPlay":false,"sceneViewState":{"showFog":true,"showMaterialUpdate":true,"showSkybox":true,"showFlares":true,"showImageEffects":true,"showParticleSystems":true},"in2DMode":false,"pivot":{"x":-5.892185211181641,"y":4.8725433349609379,"z":65.11434173583985},"rotation":{"x":-0.29892054200172427,"y":0.6537337303161621,"z":-0.31527185440063479,"w":-0.6196945905685425},"size":51.042293548583987,"orthographic":false}