{"cameraMode":{"drawMode":0,"name":"Shaded","section":"Shading Mode"},"sceneLighting":false,"audioPlay":false,"sceneViewState":{"showFog":true,"showMaterialUpdate":true,"showSkybox":false,"showFlares":true,"showImageEffects":true,"showParticleSystems":true},"in2DMode":false,"pivot":{"x":285.90087890625,"y":161.1922149658203,"z":0.5281232595443726},"rotation":{"x":-0.33283618092536929,"y":0.003390728263184428,"z":-0.0011984524317085744,"w":-0.942983865737915},"size":4.67917013168335,"orthographic":false}