{"cameraMode":{"drawMode":0,"name":"Shaded","section":"Shading Mode"},"sceneLighting":false,"audioPlay":false,"sceneViewState":{"showFog":true,"showMaterialUpdate":true,"showSkybox":true,"showFlares":true,"showImageEffects":true,"showParticleSystems":true},"in2DMode":false,"pivot":{"x":-30.62616729736328,"y":-77.99143981933594,"z":-74.86921691894531},"rotation":{"x":0.49892324209213259,"y":0.013247402384877205,"z":-0.007694945205003023,"w":0.8667446970939636},"size":58.368865966796878,"orthographic":false}