{"cameraMode":{"drawMode":0,"name":"Shaded","section":"Shading Mode"},"sceneLighting":false,"audioPlay":false,"sceneViewState":{"showFog":true,"showMaterialUpdate":true,"showSkybox":false,"showFlares":true,"showImageEffects":true,"showParticleSystems":true},"in2DMode":false,"pivot":{"x":1.6200000047683716,"y":-6.039999961853027,"z":-2.319999933242798},"rotation":{"x":0.11557620018720627,"y":0.7435206174850464,"z":-0.13324569165706635,"w":0.6450716853141785},"size":1.0574169158935547,"orthographic":false}