{"cameraMode":{"drawMode":0,"name":"Shaded","section":"Shading Mode"},"sceneLighting":false,"audioPlay":false,"sceneViewState":{"showFog":true,"showMaterialUpdate":true,"showSkybox":false,"showFlares":true,"showImageEffects":true,"showParticleSystems":true},"in2DMode":false,"pivot":{"x":1.8799999952316285,"y":1.2054533958435059,"z":-2.9273574352264406},"rotation":{"x":0.403648316860199,"y":0.0008402472594752908,"z":-0.00036782349343411624,"w":0.9149170517921448},"size":1.2644290924072266,"orthographic":false}