{"cameraMode":{"drawMode":0,"name":"Shaded","section":"Shading Mode"},"sceneLighting":true,"audioPlay":false,"sceneViewState":{"showFog":true,"showMaterialUpdate":true,"showSkybox":false,"showFlares":true,"showImageEffects":true,"showParticleSystems":true},"in2DMode":false,"pivot":{"x":-15.453298568725586,"y":-3.2199997901916506,"z":-3.804492950439453},"rotation":{"x":0.403648316860199,"y":0.0008402472594752908,"z":-0.00036782349343411624,"w":0.9149170517921448},"size":3.4896440505981447,"orthographic":false}