{"cameraMode":{"drawMode":0,"name":"Shaded","section":"Shading Mode"},"sceneLighting":true,"audioPlay":false,"sceneViewState":{"showFog":true,"showMaterialUpdate":true,"showSkybox":true,"showFlares":true,"showImageEffects":true,"showParticleSystems":true},"in2DMode":false,"pivot":{"x":-5.251558780670166,"y":-9.351512908935547,"z":4.622643947601318},"rotation":{"x":0.5035861134529114,"y":-0.07298379391431809,"z":0.042667850852012637,"w":0.8598506450653076},"size":48.4727668762207,"orthographic":false}