{"cameraMode":{"drawMode":0,"name":"Shaded","section":"Shading Mode"},"sceneLighting":false,"audioPlay":false,"sceneViewState":{"showFog":true,"showMaterialUpdate":true,"showSkybox":true,"showFlares":true,"showImageEffects":true,"showParticleSystems":true},"in2DMode":false,"pivot":{"x":-7.333493709564209,"y":2.372007369995117,"z":-1.817636489868164},"rotation":{"x":-0.31525713205337527,"y":0.13892142474651338,"z":-0.046615421772003177,"w":-0.9377315044403076},"size":31.414525985717775,"orthographic":false}