{"cameraMode":{"drawMode":0,"name":"Shaded","section":"Shading Mode"},"sceneLighting":true,"audioPlay":false,"sceneViewState":{"showFog":true,"showMaterialUpdate":true,"showSkybox":true,"showFlares":true,"showImageEffects":true,"showParticleSystems":true},"in2DMode":false,"pivot":{"x":-2.347913980484009,"y":0.6200838088989258,"z":-0.8489398956298828},"rotation":{"x":0.2815163731575012,"y":-0.559802234172821,"z":0.209926575422287,"w":0.7505720853805542},"size":18.18586540222168,"orthographic":false}