{"cameraMode":{"drawMode":0,"name":"Shaded","section":"Shading Mode"},"sceneLighting":true,"audioPlay":false,"sceneViewState":{"showFog":true,"showMaterialUpdate":true,"showSkybox":true,"showFlares":true,"showImageEffects":true,"showParticleSystems":true},"in2DMode":false,"pivot":{"x":-4.189823150634766,"y":-3.53643798828125,"z":85.71345520019531},"rotation":{"x":-0.3210921287536621,"y":0.627772867679596,"z":-0.3180142045021057,"w":-0.6338310837745667},"size":26.085298538208009,"orthographic":false}