{"cameraMode":{"drawMode":0,"name":"Shaded","section":"Shading Mode"},"sceneLighting":false,"audioPlay":false,"sceneViewState":{"showFog":true,"showMaterialUpdate":true,"showSkybox":false,"showFlares":true,"showImageEffects":true,"showParticleSystems":true},"in2DMode":false,"pivot":{"x":285.8897705078125,"y":161.0252227783203,"z":0.0692889392375946},"rotation":{"x":-0.33283618092536929,"y":0.003390728263184428,"z":-0.0011984524317085744,"w":-0.942983865737915},"size":4.615320205688477,"orthographic":false}