{"cameraMode":{"drawMode":0,"name":"Shaded","section":"Shading Mode"},"sceneLighting":false,"audioPlay":false,"sceneViewState":{"showFog":true,"showMaterialUpdate":true,"showSkybox":false,"showFlares":true,"showImageEffects":true,"showParticleSystems":true},"in2DMode":false,"pivot":{"x":-12.305908203125,"y":-3.1999998092651369,"z":-0.35394108295440676},"rotation":{"x":-0.44603192806243899,"y":-0.007969506084918976,"z":0.004082731436938047,"w":-0.8950611352920532},"size":4.0416579246521,"orthographic":false}