{"cameraMode":{"drawMode":0,"name":"Shaded","section":"Shading Mode"},"sceneLighting":false,"audioPlay":false,"sceneViewState":{"showFog":true,"showMaterialUpdate":true,"showSkybox":false,"showFlares":true,"showImageEffects":true,"showParticleSystems":true},"in2DMode":false,"pivot":{"x":2.859663963317871,"y":-0.37134072184562685,"z":-1.5069246292114258},"rotation":{"x":0.048556797206401828,"y":0.9031670093536377,"z":-0.1061553880572319,"w":0.4131186306476593},"size":3.6617064476013185,"orthographic":false}