{"cameraMode":{"drawMode":0,"name":"Shaded","section":"Shading Mode"},"sceneLighting":true,"audioPlay":false,"sceneViewState":{"showFog":true,"showMaterialUpdate":true,"showSkybox":true,"showFlares":true,"showImageEffects":true,"showParticleSystems":true},"in2DMode":false,"pivot":{"x":16.407520294189454,"y":-67.4131851196289,"z":50.908348083496097},"rotation":{"x":-0.4930275082588196,"y":-0.15821212530136109,"z":0.09170541912317276,"w":-0.8505843877792358},"size":55.95949172973633,"orthographic":false}