{"cameraMode":{"drawMode":0,"name":"Shaded","section":"Shading Mode"},"sceneLighting":false,"audioPlay":false,"sceneViewState":{"showFog":true,"showMaterialUpdate":true,"showSkybox":false,"showFlares":true,"showImageEffects":true,"showParticleSystems":true},"in2DMode":false,"pivot":{"x":8.529999732971192,"y":1.1700000762939454,"z":-87.52000427246094},"rotation":{"x":-0.33283618092536929,"y":0.003390728263184428,"z":-0.0011984524317085744,"w":-0.942983865737915},"size":1.2247449159622193,"orthographic":false}