{"cameraMode":{"drawMode":0,"name":"Shaded","section":"Shading Mode"},"sceneLighting":false,"audioPlay":false,"sceneViewState":{"showFog":true,"showMaterialUpdate":true,"showSkybox":true,"showFlares":true,"showImageEffects":true,"showParticleSystems":true},"in2DMode":false,"pivot":{"x":1.2478348016738892,"y":1.238663673400879,"z":-89.21018981933594},"rotation":{"x":0.36880794167518618,"y":-0.0037076082080602648,"z":0.0011987164616584778,"w":0.9296284914016724},"size":6.9076032638549809,"orthographic":false}